5:29,各駅停車,橋本,https://transfer-train.navitime.biz/keio/directions/timetable?station=6197&line=3&direction=1&target=holiday
5:52,各駅停車,橋本,https://transfer-train.navitime.biz/keio/directions/timetable?station=6197&line=3&direction=1&target=holiday
6:12,各駅停車,橋本,https://transfer-train.navitime.biz/keio/directions/timetable?station=6197&line=3&direction=1&target=holiday
6:28,各駅停車,橋本,https://transfer-train.navitime.biz/keio/directions/timetable?station=6197&line=3&direction=1&target=holiday
6:40,快速,橋本,https://transfer-train.navitime.biz/keio/directions/timetable?station=6197&line=3&direction=1&target=holiday
6:48,区間急行,橋本,https://transfer-train.navitime.biz/keio/directions/timetable?station=6197&line=3&direction=1&target=holiday
6:57,各駅停車,橋本,https://transfer-train.navitime.biz/keio/directions/timetable?station=6197&line=3&direction=1&target=holiday
7:08,区間急行,橋本,https://transfer-train.navitime.biz/keio/directions/timetable?station=6197&line=3&direction=1&target=holiday
7:18,区間急行,橋本,https://transfer-train.navitime.biz/keio/directions/timetable?station=6197&line=3&direction=1&target=holiday
7:28,区間急行,橋本,https://transfer-train.navitime.biz/keio/directions/timetable?station=6197&line=3&direction=1&target=holiday
7:38,区間急行,橋本,https://transfer-train.navitime.biz/keio/directions/timetable?station=6197&line=3&direction=1&target=holiday
7:49,区間急行,橋本,https://transfer-train.navitime.biz/keio/directions/timetable?station=6197&line=3&direction=1&target=holiday
7:56,急行,京王多摩センター,https://transfer-train.navitime.biz/keio/directions/timetable?station=6197&line=3&direction=1&target=holiday
8:00,区間急行,橋本,https://transfer-train.navitime.biz/keio/directions/timetable?station=6197&line=3&direction=1&target=holiday
8:09,区間急行,橋本,https://transfer-train.navitime.biz/keio/directions/timetable?station=6197&line=3&direction=1&target=holiday
8:20,区間急行,橋本,https://transfer-train.navitime.biz/keio/directions/timetable?station=6197&line=3&direction=1&target=holiday
8:28,区間急行,橋本,https://transfer-train.navitime.biz/keio/directions/timetable?station=6197&line=3&direction=1&target=holiday
8:38,区間急行,橋本,https://transfer-train.navitime.biz/keio/directions/timetable?station=6197&line=3&direction=1&target=holiday
8:47,急行,橋本,https://transfer-train.navitime.biz/keio/directions/timetable?station=6197&line=3&direction=1&target=holiday
8:49,区間急行,橋本,https://transfer-train.navitime.biz/keio/directions/timetable?station=6197&line=3&direction=1&target=holiday
8:59,区間急行,橋本,https://transfer-train.navitime.biz/keio/directions/timetable?station=6197&line=3&direction=1&target=holiday
9:04,急行,橋本,https://transfer-train.navitime.biz/keio/directions/timetable?station=6197&line=3&direction=1&target=holiday
9:09,区間急行,橋本,https://transfer-train.navitime.biz/keio/directions/timetable?station=6197&line=3&direction=1&target=holiday
9:21,快速,橋本,https://transfer-train.navitime.biz/keio/directions/timetable?station=6197&line=3&direction=1&target=holiday
9:30,区間急行,橋本,https://transfer-train.navitime.biz/keio/directions/timetable?station=6197&line=3&direction=1&target=holiday
9:40,快速,橋本,https://transfer-train.navitime.biz/keio/directions/timetable?station=6197&line=3&direction=1&target=holiday
9:51,区間急行,橋本,https://transfer-train.navitime.biz/keio/directions/timetable?station=6197&line=3&direction=1&target=holiday
9:57,区間急行,京王多摩センター,https://transfer-train.navitime.biz/keio/directions/timetable?station=6197&line=3&direction=1&target=holiday
10:02,急行,橋本,https://transfer-train.navitime.biz/keio/directions/timetable?station=6197&line=3&direction=1&target=holiday
10:10,区間急行,京王多摩センター,https://transfer-train.navitime.biz/keio/directions/timetable?station=6197&line=3&direction=1&target=holiday
10:14,特急,橋本,https://transfer-train.navitime.biz/keio/directions/timetable?station=6197&line=3&direction=1&target=holiday
10:20,快速,橋本,https://transfer-train.navitime.biz/keio/directions/timetable?station=6197&line=3&direction=1&target=holiday
10:29,区間急行,橋本,https://transfer-train.navitime.biz/keio/directions/timetable?station=6197&line=3&direction=1&target=holiday
10:38,快速,京王多摩センター,https://transfer-train.navitime.biz/keio/directions/timetable?station=6197&line=3&direction=1&target=holiday
10:45,特急,橋本,https://transfer-train.navitime.biz/keio/directions/timetable?station=6197&line=3&direction=1&target=holiday
10:48,快速,橋本,https://transfer-train.navitime.biz/keio/directions/timetable?station=6197&line=3&direction=1&target=holiday
10:58,区間急行,京王多摩センター,https://transfer-train.navitime.biz/keio/directions/timetable?station=6197&line=3&direction=1&target=holiday
11:06,急行,橋本,https://transfer-train.navitime.biz/keio/directions/timetable?station=6197&line=3&direction=1&target=holiday
11:08,快速,橋本,https://transfer-train.navitime.biz/keio/directions/timetable?station=6197&line=3&direction=1&target=holiday
11:20,快速,京王多摩センター,https://transfer-train.navitime.biz/keio/directions/timetable?station=6197&line=3&direction=1&target=holiday
11:26,急行,橋本,https://transfer-train.navitime.biz/keio/directions/timetable?station=6197&line=3&direction=1&target=holiday
11:30,快速,橋本,https://transfer-train.navitime.biz/keio/directions/timetable?station=6197&line=3&direction=1&target=holiday
11:39,区間急行,京王多摩センター,https://transfer-train.navitime.biz/keio/directions/timetable?station=6197&line=3&direction=1&target=holiday
11:45,特急,橋本,https://transfer-train.navitime.biz/keio/directions/timetable?station=6197&line=3&direction=1&target=holiday
11:48,区間急行,橋本,https://transfer-train.navitime.biz/keio/directions/timetable?station=6197&line=3&direction=1&target=holiday
11:58,快速,京王多摩センター,https://transfer-train.navitime.biz/keio/directions/timetable?station=6197&line=3&direction=1&target=holiday
12:04,特急,橋本,https://transfer-train.navitime.biz/keio/directions/timetable?station=6197&line=3&direction=1&target=holiday
12:08,快速,橋本,https://transfer-train.navitime.biz/keio/directions/timetable?station=6197&line=3&direction=1&target=holiday
12:18,区間急行,京王多摩センター,https://transfer-train.navitime.biz/keio/directions/timetable?station=6197&line=3&direction=1&target=holiday
12:24,特急,橋本,https://transfer-train.navitime.biz/keio/directions/timetable?station=6197&line=3&direction=1&target=holiday
12:28,快速,橋本,https://transfer-train.navitime.biz/keio/directions/timetable?station=6197&line=3&direction=1&target=holiday
12:38,区間急行,京王多摩センター,https://transfer-train.navitime.biz/keio/directions/timetable?station=6197&line=3&direction=1&target=holiday
12:44,特急,橋本,https://transfer-train.navitime.biz/keio/directions/timetable?station=6197&line=3&direction=1&target=holiday
12:48,快速,橋本,https://transfer-train.navitime.biz/keio/directions/timetable?station=6197&line=3&direction=1&target=holiday
12:58,区間急行,京王多摩センター,https://transfer-train.navitime.biz/keio/directions/timetable?station=6197&line=3&direction=1&target=holiday
13:04,特急,橋本,https://transfer-train.navitime.biz/keio/directions/timetable?station=6197&line=3&direction=1&target=holiday
13:08,快速,橋本,https://transfer-train.navitime.biz/keio/directions/timetable?station=6197&line=3&direction=1&target=holiday
13:18,区間急行,京王多摩センター,https://transfer-train.navitime.biz/keio/directions/timetable?station=6197&line=3&direction=1&target=holiday
13:24,特急,橋本,https://transfer-train.navitime.biz/keio/directions/timetable?station=6197&line=3&direction=1&target=holiday
13:28,快速,橋本,https://transfer-train.navitime.biz/keio/directions/timetable?station=6197&line=3&direction=1&target=holiday
13:38,区間急行,京王多摩センター,https://transfer-train.navitime.biz/keio/directions/timetable?station=6197&line=3&direction=1&target=holiday
13:44,特急,橋本,https://transfer-train.navitime.biz/keio/directions/timetable?station=6197&line=3&direction=1&target=holiday
13:48,快速,橋本,https://transfer-train.navitime.biz/keio/directions/timetable?station=6197&line=3&direction=1&target=holiday
13:58,区間急行,京王多摩センター,https://transfer-train.navitime.biz/keio/directions/timetable?station=6197&line=3&direction=1&target=holiday
14:04,特急,橋本,https://transfer-train.navitime.biz/keio/directions/timetable?station=6197&line=3&direction=1&target=holiday
14:08,快速,橋本,https://transfer-train.navitime.biz/keio/directions/timetable?station=6197&line=3&direction=1&target=holiday
14:18,区間急行,京王多摩センター,https://transfer-train.navitime.biz/keio/directions/timetable?station=6197&line=3&direction=1&target=holiday
14:24,特急,橋本,https://transfer-train.navitime.biz/keio/directions/timetable?station=6197&line=3&direction=1&target=holiday
14:28,快速,橋本,https://transfer-train.navitime.biz/keio/directions/timetable?station=6197&line=3&direction=1&target=holiday
14:38,区間急行,京王多摩センター,https://transfer-train.navitime.biz/keio/directions/timetable?station=6197&line=3&direction=1&target=holiday
14:44,特急,橋本,https://transfer-train.navitime.biz/keio/directions/timetable?station=6197&line=3&direction=1&target=holiday
14:48,快速,橋本,https://transfer-train.navitime.biz/keio/directions/timetable?station=6197&line=3&direction=1&target=holiday
14:58,区間急行,京王多摩センター,https://transfer-train.navitime.biz/keio/directions/timetable?station=6197&line=3&direction=1&target=holiday
15:04,特急,橋本,https://transfer-train.navitime.biz/keio/directions/timetable?station=6197&line=3&direction=1&target=holiday
15:08,快速,橋本,https://transfer-train.navitime.biz/keio/directions/timetable?station=6197&line=3&direction=1&target=holiday
15:18,区間急行,京王多摩センター,https://transfer-train.navitime.biz/keio/directions/timetable?station=6197&line=3&direction=1&target=holiday
15:24,特急,橋本,https://transfer-train.navitime.biz/keio/directions/timetable?station=6197&line=3&direction=1&target=holiday
15:28,快速,橋本,https://transfer-train.navitime.biz/keio/directions/timetable?station=6197&line=3&direction=1&target=holiday
15:38,区間急行,京王多摩センター,https://transfer-train.navitime.biz/keio/directions/timetable?station=6197&line=3&direction=1&target=holiday
15:44,特急,橋本,https://transfer-train.navitime.biz/keio/directions/timetable?station=6197&line=3&direction=1&target=holiday
15:48,快速,橋本,https://transfer-train.navitime.biz/keio/directions/timetable?station=6197&line=3&direction=1&target=holiday
15:58,区間急行,橋本,https://transfer-train.navitime.biz/keio/directions/timetable?station=6197&line=3&direction=1&target=holiday
16:04,特急,橋本,https://transfer-train.navitime.biz/keio/directions/timetable?station=6197&line=3&direction=1&target=holiday
16:08,快速,橋本,https://transfer-train.navitime.biz/keio/directions/timetable?station=6197&line=3&direction=1&target=holiday
16:18,区間急行,橋本,https://transfer-train.navitime.biz/keio/directions/timetable?station=6197&line=3&direction=1&target=holiday
16:24,特急,橋本,https://transfer-train.navitime.biz/keio/directions/timetable?station=6197&line=3&direction=1&target=holiday
16:27,区間急行,橋本,https://transfer-train.navitime.biz/keio/directions/timetable?station=6197&line=3&direction=1&target=holiday
16:37,快速,橋本,https://transfer-train.navitime.biz/keio/directions/timetable?station=6197&line=3&direction=1&target=holiday
16:46,特急,橋本,https://transfer-train.navitime.biz/keio/directions/timetable?station=6197&line=3&direction=1&target=holiday
16:48,区間急行,橋本,https://transfer-train.navitime.biz/keio/directions/timetable?station=6197&line=3&direction=1&target=holiday
16:55,快速,橋本,https://transfer-train.navitime.biz/keio/directions/timetable?station=6197&line=3&direction=1&target=holiday
17:03,特急,橋本,https://transfer-train.navitime.biz/keio/directions/timetable?station=6197&line=3&direction=1&target=holiday
17:06,区間急行,橋本,https://transfer-train.navitime.biz/keio/directions/timetable?station=6197&line=3&direction=1&target=holiday
17:13,快速,橋本,https://transfer-train.navitime.biz/keio/directions/timetable?station=6197&line=3&direction=1&target=holiday
17:24,特急,橋本,https://transfer-train.navitime.biz/keio/directions/timetable?station=6197&line=3&direction=1&target=holiday
17:26,区間急行,橋本,https://transfer-train.navitime.biz/keio/directions/timetable?station=6197&line=3&direction=1&target=holiday
17:37,快速,橋本,https://transfer-train.navitime.biz/keio/directions/timetable?station=6197&line=3&direction=1&target=holiday
17:46,特急,橋本,https://transfer-train.navitime.biz/keio/directions/timetable?station=6197&line=3&direction=1&target=holiday
17:48,区間急行,橋本,https://transfer-train.navitime.biz/keio/directions/timetable?station=6197&line=3&direction=1&target=holiday
17:55,快速,橋本,https://transfer-train.navitime.biz/keio/directions/timetable?station=6197&line=3&direction=1&target=holiday
18:03,特急,橋本,https://transfer-train.navitime.biz/keio/directions/timetable?station=6197&line=3&direction=1&target=holiday
18:06,区間急行,橋本,https://transfer-train.navitime.biz/keio/directions/timetable?station=6197&line=3&direction=1&target=holiday
18:13,快速,橋本,https://transfer-train.navitime.biz/keio/directions/timetable?station=6197&line=3&direction=1&target=holiday
18:24,特急,橋本,https://transfer-train.navitime.biz/keio/directions/timetable?station=6197&line=3&direction=1&target=holiday
18:26,区間急行,橋本,https://transfer-train.navitime.biz/keio/directions/timetable?station=6197&line=3&direction=1&target=holiday
18:37,快速,橋本,https://transfer-train.navitime.biz/keio/directions/timetable?station=6197&line=3&direction=1&target=holiday
18:46,特急,橋本,https://transfer-train.navitime.biz/keio/directions/timetable?station=6197&line=3&direction=1&target=holiday
18:48,区間急行,橋本,https://transfer-train.navitime.biz/keio/directions/timetable?station=6197&line=3&direction=1&target=holiday
18:56,快速,橋本,https://transfer-train.navitime.biz/keio/directions/timetable?station=6197&line=3&direction=1&target=holiday
19:03,特急,橋本,https://transfer-train.navitime.biz/keio/directions/timetable?station=6197&line=3&direction=1&target=holiday
19:06,区間急行,橋本,https://transfer-train.navitime.biz/keio/directions/timetable?station=6197&line=3&direction=1&target=holiday
19:13,快速,橋本,https://transfer-train.navitime.biz/keio/directions/timetable?station=6197&line=3&direction=1&target=holiday
19:24,特急,橋本,https://transfer-train.navitime.biz/keio/directions/timetable?station=6197&line=3&direction=1&target=holiday
19:26,区間急行,橋本,https://transfer-train.navitime.biz/keio/directions/timetable?station=6197&line=3&direction=1&target=holiday
19:37,快速,橋本,https://transfer-train.navitime.biz/keio/directions/timetable?station=6197&line=3&direction=1&target=holiday
19:46,特急,橋本,https://transfer-train.navitime.biz/keio/directions/timetable?station=6197&line=3&direction=1&target=holiday
19:48,区間急行,橋本,https://transfer-train.navitime.biz/keio/directions/timetable?station=6197&line=3&direction=1&target=holiday
19:55,快速,京王多摩センター,https://transfer-train.navitime.biz/keio/directions/timetable?station=6197&line=3&direction=1&target=holiday
20:03,特急,橋本,https://transfer-train.navitime.biz/keio/directions/timetable?station=6197&line=3&direction=1&target=holiday
20:06,区間急行,橋本,https://transfer-train.navitime.biz/keio/directions/timetable?station=6197&line=3&direction=1&target=holiday
20:13,快速,京王多摩センター,https://transfer-train.navitime.biz/keio/directions/timetable?station=6197&line=3&direction=1&target=holiday
20:24,特急,橋本,https://transfer-train.navitime.biz/keio/directions/timetable?station=6197&line=3&direction=1&target=holiday
20:26,区間急行,橋本,https://transfer-train.navitime.biz/keio/directions/timetable?station=6197&line=3&direction=1&target=holiday
20:37,快速,京王多摩センター,https://transfer-train.navitime.biz/keio/directions/timetable?station=6197&line=3&direction=1&target=holiday
20:46,特急,橋本,https://transfer-train.navitime.biz/keio/directions/timetable?station=6197&line=3&direction=1&target=holiday
20:48,区間急行,橋本,https://transfer-train.navitime.biz/keio/directions/timetable?station=6197&line=3&direction=1&target=holiday
20:55,快速,京王多摩センター,https://transfer-train.navitime.biz/keio/directions/timetable?station=6197&line=3&direction=1&target=holiday
21:03,特急,橋本,https://transfer-train.navitime.biz/keio/directions/timetable?station=6197&line=3&direction=1&target=holiday
21:06,区間急行,橋本,https://transfer-train.navitime.biz/keio/directions/timetable?station=6197&line=3&direction=1&target=holiday
21:13,快速,京王多摩センター,https://transfer-train.navitime.biz/keio/directions/timetable?station=6197&line=3&direction=1&target=holiday
21:24,特急,橋本,https://transfer-train.navitime.biz/keio/directions/timetable?station=6197&line=3&direction=1&target=holiday
21:26,区間急行,橋本,https://transfer-train.navitime.biz/keio/directions/timetable?station=6197&line=3&direction=1&target=holiday
21:37,快速,橋本,https://transfer-train.navitime.biz/keio/directions/timetable?station=6197&line=3&direction=1&target=holiday
21:46,特急,京王多摩センター,https://transfer-train.navitime.biz/keio/directions/timetable?station=6197&line=3&direction=1&target=holiday
21:47,区間急行,橋本,https://transfer-train.navitime.biz/keio/directions/timetable?station=6197&line=3&direction=1&target=holiday
21:58,区間急行,橋本,https://transfer-train.navitime.biz/keio/directions/timetable?station=6197&line=3&direction=1&target=holiday
22:10,区間急行,橋本,https://transfer-train.navitime.biz/keio/directions/timetable?station=6197&line=3&direction=1&target=holiday
22:21,区間急行,橋本,https://transfer-train.navitime.biz/keio/directions/timetable?station=6197&line=3&direction=1&target=holiday
22:28,各駅停車,若葉台,https://transfer-train.navitime.biz/keio/directions/timetable?station=6197&line=3&direction=1&target=holiday
22:31,区間急行,橋本,https://transfer-train.navitime.biz/keio/directions/timetable?station=6197&line=3&direction=1&target=holiday
22:42,各駅停車,橋本,https://transfer-train.navitime.biz/keio/directions/timetable?station=6197&line=3&direction=1&target=holiday
22:51,区間急行,橋本,https://transfer-train.navitime.biz/keio/directions/timetable?station=6197&line=3&direction=1&target=holiday
23:05,区間急行,橋本,https://transfer-train.navitime.biz/keio/directions/timetable?station=6197&line=3&direction=1&target=holiday
23:08,各駅停車,若葉台,https://transfer-train.navitime.biz/keio/directions/timetable?station=6197&line=3&direction=1&target=holiday
23:20,区間急行,橋本,https://transfer-train.navitime.biz/keio/directions/timetable?station=6197&line=3&direction=1&target=holiday
23:35,区間急行,橋本,https://transfer-train.navitime.biz/keio/directions/timetable?station=6197&line=3&direction=1&target=holiday
23:50,快速,橋本,https://transfer-train.navitime.biz/keio/directions/timetable?station=6197&line=3&direction=1&target=holiday
0:05,快速,橋本,https://transfer-train.navitime.biz/keio/directions/timetable?station=6197&line=3&direction=1&target=holiday
0:19,快速,橋本,https://transfer-train.navitime.biz/keio/directions/timetable?station=6197&line=3&direction=1&target=holiday
0:36,快速,京王多摩センター,https://transfer-train.navitime.biz/keio/directions/timetable?station=6197&line=3&direction=1&target=holiday
0:50,各駅停車,若葉台,https://transfer-train.navitime.biz/keio/directions/timetable?station=6197&line=3&direction=1&target=holiday
